type	n_vOTU_prevalence_gt_1pct	intercept	slope_per_1_percent_prevalence	r_squared	adjusted_r_squared	slope_p_value
Chicken	3564	0.0193429768212177	0.00122764669063034	0.00379945434442167	0.00351977985097529	0.000231361442210028
Swine	9818	0.00870052232983899	0.000578066361805098	0.0061774206816438	0.00607617551260153	6.24589482498986e-15
Cattle	3554	0.00797023462292798	0.000267460486658322	0.000418237771017696	0.000136823986606416	0.222887605667473
